2kliksphilip,https://www.youtube.com/feeds/videos.xml?channel_id=UCEKJKJ3FO-9SFv5x5BzyxhQ
Alex O'Connor,https://www.youtube.com/feeds/videos.xml?channel_id=UC7kIy8fZavEni8Gzl8NLjOQ
Astral Codex Ten,https://www.astralcodexten.com/feed
Conversations with Tyler,https://cowenconvos.libsyn.com/rss
cubicmetre,https://www.youtube.com/feeds/videos.xml?channel_id=UCsrxrOtjmWnH5FJhJnkTRBg
Dwarkesh Podcast,https://api.substack.com/feed/podcast/69345.rss
Fireship,https://www.youtube.com/feeds/videos.xml?channel_id=UCsBjURrPoezykLs9EqgamOA
Hacker News,https://hnrss.org/newest?points=500
Historia Civilis,https://www.youtube.com/feeds/videos.xml?channel_id=UCv_vLHiWVBh_FR9vbeuiY-A
Kenshi,https://lofigames.com/category/updates/feed
Razib Khan's Unsupervised Learning,https://unsupervisedlearning.libsyn.com/rss
RimWorld,https://ludeon.com/blog/feed
r/LocalLLaMA,https://www.reddit.com/r/LocalLLaMA/top/.rss?t=month
r/MachineLearning,https://www.reddit.com/r/MachineLearning/top/.rss?t=month
r/singularity,https://www.reddit.com/r/singularity/top/.rss?t=month
The Intelligence,https://access.acast.com/rss/d556eb54-6160-4c85-95f4-47d9f5216c49
The Wayward Axolotl,https://thewaywardaxolotl.blogspot.com/feeds/posts/default
This Week in GNOME,https://thisweek.gnome.org/index.xml
Veritasium,https://www.youtube.com/feeds/videos.xml?channel_id=UCin0m13qWv3-051xlWlHamA
Welch Labs,https://www.youtube.com/feeds/videos.xml?channel_id=UConVfxXodg78Tzh5nNu85Ew
Within Reason,https://cosmicskeptic.libsyn.com/rss
